Bish,Patrice,ss073
Wilhelm,Lindsay,ss074
Woolard,Olin,ss075
Fisher,Billie,ss076
Nguyen,Isidra,ss077
Heacock,Melissa,ss078
Harrison,Scarlet,ss079
Echols,Patricia,ss080
Martin,Kathleen,ss081
Parker,Newton,ss082
Gann,Jerry,ss083
Harned,Bobby,ss084
Anderson,Robert,ss085
Harrell,Jolene,ss086
Rey,Don,ss087
Greer,Michael,ss088
Patrick,Pamela,ss089
Weathers,Joan,ss090
Cole,Ray,ss091
Hodges,Christian,ss092
Banks,Mary,ss093
Cofer,Amber,ss094
Hammond,Alexis,ss095
Newell,John,ss096
Sharpe,Elmer,ss097
Ostby,Beryl,ss098
Bianchi,Rebecca,ss099
